team_id,school name,full school name,nickname,conference,place,reg
20366,Abilene Christian,Abilene Christian University,Wildcats,Southland Conference,"Abilene,Texas",TX
20367,Air Force,United States Air Force Academy,Falcons,Mountain West Conference,"Colorado Springs,Colorado",CO
20438,Akron,University of Akron,Zips,Mid-American Conference,"Akron,Ohio",OH
20048,Alabama,University of Alabama,Crimson Tide,Southeastern Conference,"Tuscaloosa,Alabama",AL
20770,Alabama A&M,Alabama A&M University,Bulldogs,Southwest Athletic Conference,"Huntsville,Alabama",AL
20368,Alabama State,Alabama State University,Hornets,Southwest Athletic Conference,"Montgomery,Alabama",AL
20439,Alabama-Birmingham,University of Alabama-Birmingham,Blazers,Conference USA,"Birmingham,Alabama",AL
20881,Albany,University at Albany,Great Danes,America East Conference,"Albany,New York",NY
20369,Alcorn State,Alcorn State University,Braves,Southwest Athletic Conference,"Lorman,Mississippi",MS
20370,Appalachian State,Appalachian State University,Mountaineers,Sun Belt Conference,"Boone,North Carolina",NC
20026,Arizona,University of Arizona,Wildcats,Pacific-12 Conference,"Tucson,Arizona",AZ
20021,Arizona State,Arizona State University,Sun Devils,Pacific-12 Conference,"Tempe,Arizona",AZ
20344,Arkansas,University of Arkansas,Razorbacks,Southeastern Conference,"Fayetteville,Arkansas",AR
20371,Arkansas State,Arkansas State University,Red Wolves,Sun Belt Conference,"Jonesboro,Arkansas",AR
20440,Arkansas-Pine Bluff,University of Arkansas-Pine Bluff,Golden Lions,Southwest Athletic Conference,"Pine Bluff,Arkansas",AR
21097,Army,US Military Academy,Black Knights,Patriot League,"West Point,New York",NY
20071,Auburn,Auburn University,Tigers,Southeastern Conference,"Auburn,Alabama",AL
20373,Austin Peay,Austin Peay State University,Governors,Ohio Valley Conference,"Clarksville,Tennessee",TN
20103,Ball State,Ball State University,Cardinals,Mid-American Conference,"Muncie,Indiana",IN
20287,Baylor,Baylor University,Bears,Big 12 Conference,"Waco,Texas",TX
20828,Belmont,Belmont University,Bruins,Ohio Valley Conference,"Nashville,Tennessee",TN
20374,Bethune-Cookman,Bethune–Cookman University,Wildcats,Southwest Athletic Conference,"Dayton Beach,Florida",FL
20886,Binghamton,Binghamton University,Bearcats,America East Conference,"Binghamton,New York",NY
20375,Boise State,Boise State University,Broncos,Mountain West Conference,"Boise, Idaho",ID
20291,Boston College,Boston College,Eagles,Atlantic Coast Conference,"Chestnut Hill,Massachusetts",MA
20280,Bowling Green,Bowling Green State University,Falcons,Mid-American Conference,"Bowling Green,Ohio",OH
20242,Bradley,Bradley University,Braves,Missouri Valley Conference,"Peoria,Illinois",IL
20361,Brown,Brown University,Bears,Ivy League,"Providence,Rhode Island",RI
21866,Bryant,Bryant University,Bulldogs,Northeast Conference,"Smithfield,Rhode Island",RI
20518,Bucknell,Bucknell University,Bisons,Patriot League,"Lewisburg,Pennsylvania",PA
20705,Butler,Butler University,Bulldogs,Big East Conference,"Indianapolis,Indiana",IN
20376,BYU,Brigham Young University,Cougars,West Coast Conference,"Provo,Utah",UT
20521,Cal Baptist,California Baptist University,Lancers,Western Athletic Conference,"Riverside,California",CA
20740,Cal Poly,Cal Poly,Mustangs,Big West Conference,"San Luis Obispo,California",CA
21135,Cal State Bakersfield,Cal State Bakersfield,Roadrunners,Big West Conference,"Bakersfield,California",CA
20100,Cal State Fullerton,Cal State Fullerton,Titans,Big West Conference,"Fullerton,California",CA
20106,Cal State Northridge,Cal State Northridge,Matadors,Big West Conference,"Northridge,California",CA
20008,California,University of California,Golden Bears,Pacific-12 Conference,"Berkeley,California",CA
20880,Campbell,Campbell University,Fighting Camels,Big South Conference,"Buies Creek,North Carolina",NC
21093,Canisius,Canisius College,Golden Griffins,Metro Atlantic Athletic Conference,"Buffalo,New York",NY
20494,Central Arkansas,University of Central Arkansas,Bears,Southland Conference,"Conway,Arkansas",AR
20108,Central Connecticut State,Central Connecticut State University,Blue Devils,Northeast Conference,"New Britain,Connecticut",CT
20443,Central Florida,University of Central Florida,Knights,American Athletic Conference,"Orlando,Florida",FL
20270,Central Michigan,Central Michigan University,Chippewas,Mid-American Conference,"Mount Pleasant,Michigan",MI
20522,Charleston Southern,Charleston Southern University,Buccaneers,Big South Conference,"Charleston,South Carolina",SC
21388,Chicago State,Chicago State University,Cougars,Western Athletic Conference,"Chicago, Illinois",IL
20357,Cincinnati,University of Cincinnati,Bearcats,American Athletic Conference,"Cincinnati,Ohio",OH
20334,Citadel,The Citadel,Bulldogs,Southern Conference,"Charleston,South Carolina",SC
20089,Clemson,Clemson University,Tigers,Atlantic Coast Conference,"Clemson,South Carolina",SC
20319,Coastal Carolina,Coastal Carolina University,Chanticleers,Sun Belt Conference,"Conway,South Carolina",SC
21014,College of Charleston,College of Charleston,Cougars,Colonial Athletic Association,"Charleston,South Carolina",SC
21931,Columbia,Columbia University,Lions,Ivy League,"New York,New York",NY
20223,Connecticut,University of Connecticut,Huskies,Big East Conference,"Storrs,Connecticut",CT
21094,Coppin State,Coppin State College,Eagles,Mid-Eastern Athletic Conference,"Baltimore,Maryland",MD
20295,Cornell,Cornell University,Big Red,Ivy League,"Ithaca,New York",NY
20115,Creighton,Creighton University,Bluejays,Big East Conference,"Omaha,Nebraska",NE
20117,Dallas Baptist,Dallas Baptist University,Patriots,Missouri Valley Conference,"Dallas,Texas",TX
20038,Dartmouth,Dartmouth College,Big Green,Ivy League,"Hanover,New Hampshire",NH
20529,Davidson,Davidson College,Wildcats,Atlantic 10 Conference,"Davidson,North Carolina",NC
20896,Dayton,University of Dayton,Flyers,Atlantic 10 Conference,"Dayton,Ohio",OH
20078,Delaware,University of Delaware,Blue Hens,Colonial Athletic Association,"Newark,Delaware",DE
20383,Delaware State,Delaware State University,Hornets,Mid-Eastern Athletic Conference,"Dover,Delaware",DE
20118,Duke,Duke University,Blue Devils,Atlantic Coast Conference,"Durham,North Carolina",NC
20384,East Carolina,East Carolina University,Pirates,American Athletic Conference,"Greenville,North Carolina",NC
20385,East Tennessee state,East Tennessee State University,Buccaneers,Southern Conference,"Johnson City,Tennessee",TN
20174,Eastern Illinois,Eastern Illinois University,Panthers,Ohio Valley Conference,"Charleston,Illinois",IL
20175,Eastern Kentucky,Eastern Kentucky University,Colonels,Ohio Valley Conference,"Richmond,Kentucky",KY
20447,Eastern Michigan,Eastern Michigan University,Eagles,Mid-American Conference,"Ypsilanti,Michigan",MI
20537,Elon,Elon University,Phoenix,Colonial Athletic Association,"Elon,North Carolina",NC
20176,Evansville,University of Evansville,Purple Aces,Missouri Valley Conference,"Evansville,Indiana",IN
20835,Fairfield,Fairfield University,Stags,Metro Atlantic Athletic Conference,"Fairfield,Connecticut",CT
20982,Fairleigh Dickinson,Fairleigh Dickinson University,Knights,Northeast Conference,"Teaneck,New Jersey",NJ
20177,Florida,University of Florida,Gators,Southeastern Conference,"Gainesville,Florida",FL
20079,Florida A&M,Florida A&M University,Rattlers,Mid-Eastern Athletic Conference,"Tallahassee,Florida",FL
20543,Florida Atlantic,Florida Atlantic University,Owls,Conference USA,"Boca Raton,Florida",FL
21988,Florida Gulf Coast,Florida Gulf Coast University,Eagles,Atlantic Sun Conference,"Fort Myers,Florida",FL
20041,Florida International,Florida International University,Golden Panthers,Conference USA,"Miami,Florida",FL
20022,Florida State,Florida State University,Seminoles,Atlantic Coast Conference,"Tallahassee,Florida",FL
20122,Fordham,Fordham University,Rams,Atlantic 10 Conference,"New York,New York",NY
20033,Fresno State,Fresno State University,Bulldogs,Mountain West Conference,"Fresno,California",CA
20292,Furman,Furman University,Paladins,Southern Conference,"Greenville, South Carolina",SC
21025,Gardner-Webb,Gardner-Webb University,Bulldogs,Big South Conference,"Boiling Springs,North Carolina",NC
20123,George Mason,George Mason University,Patriots,Atlantic 10 Conference,"Fairfax,Virginia",VA
20070,George Washington,George Washington University,Colonials,Atlantic 10 Conference,"Washington,DC",DC
20489,Georgetown,Georgetown University,Hoyas,Big East Conference,"Washington,DC",DC
20350,Georgia,University of Georgia,Bulldogs,Southeastern Conference,"Athens,Georgia",GA
20090,Georgia Southern,Georgia Southern University,Eagles,Sun Belt Conference,"Statesboro,Georgia",GA
21026,Georgia State,Georgia State University,Panthers,Sun Belt Conference,"Atlanta,Georgia",GA
20124,Georgia Tech,Georgia Tech,Yellow Jackets,Atlantic Coast Conference,"Atlanta,Georgia",GA
20239,Gonzaga,Gonzaga University,Bulldogs,West Coast Conference,"Spokane,Washington",WA
20083,Grambling State,Grambling State University,Tigers,Southwest Athletic Conference,"Grambling,Louisiana",LA
20125,Grand Canyon,Grand Canyon University,Antelopes,Western Athletic Conference,"Phoenix,Arizona",AZ
20045,Hartford,University of Hartford,Hawks,America East Conference,"Hartford,Connecticut",CT
20257,Harvard,Harvard University,Crimson,Ivy League,"Cambridge,Massachusetts",MA
20450,Hawaii,University of Hawaii,Rainbows,Big West Conference,"Honolulu,Hawaii",HI
21090,High Point,High Point University,Panthers,Big South Conference,"High Point,North Carolina",NC
20393,Hofstra,Hofstra University,Pride,Colonial Athletic Association,"Hempstead,New York",NY
20800,Holy Cross,College of the Holy Cross,Crusaders,Patriot League,"Worcester,Massachusetts",MA
20254,Houston,University of Houston,Cougars,American Athletic Conference,"Houston,Texas",TX
20952,Houston Baptist,Houston Baptist University,Huskies,Southland Conference,"Houston,Texas",TX
20178,Illinois,University of Illinois,Fighting Illini,Big Ten Conference,"Urbana,Illinois",IL
20129,Illinois State,Illinois State University,Redbirds,Missouri Valley Conference,"Normal,Illinois",IL
20891,Illinois-Chicago,University of Illinois-Chicago,Flames,Horizon League,"Chicago,Illinois",IL
20904,Incarnate Word,University of the Incarnate Word,Cardinals,Southland Conference,"San Antonio,Texas",TX
20452,Indiana,Indiana University,Hoosiers,Big Ten Conference,"Bloomington,Indiana",IN
20256,Indiana State,Indiana State University,Sycamores,Missouri Valley Conference,"Terre Haute,Indiana",IN
20565,Iona,Iona College,Gaels,Metro Atlantic Athletic Conference,"New Rochelle,New York",NY
20179,Iowa,University of Iowa,Hawkeyes,Big Ten Conference,"Iowa City,Iowa",IA
20396,Jackson State,Jackson State University,Tigers,Southwest Athletic Conference,"Jackson,Mississippi",MS
20566,Jacksonville,Jacksonville University,Dolphins,Atlantic Sun Conference,"Jacksonville,Florida",FL
20131,Jacksonville State,Jacksonville State University,Gamecocks,Ohio Valley Conference,"Jacksonville,Alabama",AL
20132,James Madison,James Madison University,Dukes,Colonial Athletic Association,"Harrisonburg,Virginia",VA
20454,Kansas,University of Kansas,Jayhawks,Big 12 Conference,"Lawrence,Kansas",KS
20398,Kansas State,Kansas State University,Wildcats,Big 12 Conference,"Manhattan,Kansas",KS
20134,Kennesaw State,Kennesaw State University,Owls,Atlantic Sun Conference,"Kennesaw,Georgia",GA
20135,Kent State,Kent State University,Golden Flashes,Mid-American Conference,"Kent,Ohio",OH
20017,Kentucky,University of Kentucky,Wildcats,Southeastern Conference,"Lexington,Kentucky",KY
21098,Lafayette,Lafayette College,Leopards,Patriot League,"Easton,Pennsylvania",PA
20040,Lamar,Lamar University,Cardinals,Southland Conference,"Beaumont,Texas",TX
21089,LaSalle,La Salle University,Explorers,Atlantic 10 Conference,"Philadelphia,Pennsylvania",PA
20401,Lehigh,Lehigh University,Mountain Hawks,Patriot League,"Bethlehem,Pennsylvania",PA
20403,Liberty,Liberty University,Flames,Atlantic Sun Conference,"Lynchburg,Virginia",VA
20846,Lipscomb,Lipscomb University,Bisons,Atlantic Sun Conference,"Nashville,Tennessee",TN
20492,Little Rock,University of Arkansas-Little Rock,Trojans,Sun Belt Conference,"Little Rock,Arkansas",AR
20010,Long Beach State,Long Beach State University,49ers,Big West Conference,"Long Beach,California",CA
20779,Long Island,Long Island University-Brooklyn Campus,Sharks,Northeast Conference,"Brooklyn,New York",NY
20276,Longwood,Longwood University,Lancers,Big South Conference,"Farmville,Virginia",VA
20140,Louisiana Tech,Louisiana Tech University,Bulldogs,Conference USA,"Ruston,Louisiana",LA
20456,Louisiana-Monroe,University of Louisiana-Monroe,Warhawks,Sun Belt Conference,"Monroe,Louisiana",LA
20457,Louisville,University of Louisville,Cardinals,Atlantic Coast Conference,"Louisville,Kentucky",KY
20065,Loyola Marymount,Loyola Marymount University,Lions,West Coast Conference,"Los Angeles,California",CA
20004,LSU,Louisiana State University,Tigers,Southeastern Conference,"Baton Rouge,Louisiana",LA
20180,Maine,University of Maine,Black Bears,America East Conference,"Orono,Maine",ME
20790,Manhattan,Manhattan College,Jaspers,Metro Atlantic Athletic Conference,"Bronx,New York",NY
20577,Marist,Marist College,Red Foxes,Metro Atlantic Athletic Conference,"Poughkeepsie,New York",NY
20240,Marshall,Marshall University,Thundering Herd,Conference USA,"Huntington,West Virginia",WV
20213,Maryland,University of Maryland,Terrapins,Big Ten Conference,"College Park,Maryland",MD
20346,Mass-Lowell,University of Massachusetts-Lowell,River Hawks,America East Conference,"Lowell,Massachusetts",MA
20181,Massachusetts,University of Massachusetts,Minutemen,Atlantic 10 Conference,"Amherst,Massachusetts",MA
20142,McNeese State,McNeese State University,Cowboys,Southland Conference,"Lake Charles,Louisiana",LA
20018,Memphis,University of Memphis,Tigers,American Athletic Conference,"Memphis,Tennessee",TN
20246,Mercer,Mercer University,Bears,Southern Conference,"Macon,Georgia",GA
20301,Merrimack,Merrimack College,Warriors,Northeast Conference,"North Andover,Massachusetts",MA
20182,Miami,University of Miami,Hurricanes,Atlantic Coast Conference,"Miami,Florida",FL
20251,Miami-Ohio,Miami University,Redhawks,Mid-American Conference,"Oxford,Ohio",OH
20183,Michigan,University of Michigan,Wolverines,Big Ten Conference,"Ann Arbor,Michigan",MI
20145,Michigan State,Michigan State University,Spartans,Big Ten Conference,"East Lansing,Michigan",MI
20204,Middle Tennessee,Middle Tennessee State University,Blue Raiders,Conference USA,"Murfreesboro,Tennessee",TN
20011,Minnesota,University of Minnesota,Golden Gophers,Big Ten Conference,"Minneapolis,Minnesota",MN
20147,Mississippi State,Mississippi State University,Bulldogs,Southeastern Conference,"Starkville,Mississippi",MS
20408,Mississippi Valley State,Mississippi Valley State University,Delta Devils,Southwest Athletic Conference,"Itta Bena,Mississippi",MS
20458,Missouri,University of Missouri,Tigers,Southeastern Conference,"Columbia,Missouri",MO
20219,Missouri State,Missouri State University,Bears,Missouri Valley Conference,"Springfield,Missouri",MO
22104,Monmouth,Monmouth University,Hawks,Metro Atlantic Athletic Conference,"West Long Branch,New Jersey",NJ
20588,Morehead State,Morehead State University,Eagles,Ohio Valley Conference,"Morehead,Kentucky",KY
21052,Mount St. Mary's,Mount Saint Mary College,Mountaineers,Northeast Conference,"Emmitsburg,MD",MD
20248,Murray State,Murray State University,Racers,Ohio Valley Conference,"Murray,Kentucky",KY
20410,Navy,Navy,Midshipmen,Patriot League,"Annapolis,Maryland",MD
20066,Nebraska,University of Nebraska,Cornhuskers,Big Ten Conference,"Lincoln,Nebraska",NE
20460,Nebraska-Omaha,University of Nebraska-Omaha,Mavericks,Summit League,"Omaha,Nebraska",NE
20255,Nevada,University of Nevada,Wolf Pack,Mountain West Conference,"Reno,Nevada",NV
22122,New Jersey Tech,New Jersey Institute of Technology,Highlanders,America East Conference,"Newark,New Jersey",NJ
20266,New Mexico,University of New Mexico,Lobos,Mountain West Conference,"Albuquerque,New Mexico",NM
20491,New Mexico State,New Mexico State University,Aggies,Western Athletic Conference,"Las Cruces,New Mexico",NM
20498,New Orleans,University of New Orleans,Privateers,Southland Conference,"New Orleans,Louisiana",LA
21054,Niagara,Niagara University,Purple Eagles,Metro Atlantic Athletic Conference,"Niagara Falls,New York",NY
20216,Nicholls State,Nicholls State University,Colonels,Southland Conference,"Thibodaux,Louisiana",LA
20411,Norfolk State,Norfolk State University,Spartans,Mid-Eastern Athletic Conference,"Norfolk,Virginia",VA
20095,North Alabama,University of North Alabama,Lions,Atlantic Sun Conference,"Florence,Alabama",AL
20006,North Carolina,University of North Carolina,Tar Heels,Atlantic Coast Conference,"Chapel Hill,North Carolina",NC
20412,North Carolina A&T,North Carolina A&T State University,Aggies,Mid-Eastern Athletic Conference,"Greensboro,North Carolina",NC
22353,North Carolina Central,North Carolina Central University,Aggies,Mid-Eastern Athletic Conference,"Durham,North Carolina",NC
20235,North Carolina State,North Carolina State University,Wolfpack,Atlantic Coast Conference,"Raleigh,North Carolina",NC
20413,North Dakota State,North Dakota State University,Bison,Summit League,"Fargo,North Dakota",ND
20342,North Florida,University of North Florida,Ospreys,Atlantic Sun Conference,"Jacksonville,Florida",FL
20328,Northeastern,Northeastern University,Huskies,Colonial Athletic Association,"Boston,Massachusetts",MA
20462,Northern Colorado,University of Northern Colorado,Bears,Western Athletic Conference,"Greeley,Colorado",CO
20463,Northern Illinois,Northern Illinois University,Huskies,Mid-American Conference,"DeKalb,Illinois",IL
20860,Northern Kentucky,Northern Kentucky University,Norse,Horizon League,"Erlanger,Kentucky",KY
20037,Northwestern,Northwestern University,Wildcats,Big Ten Conference,"Evanston,Illinois",IL
20317,Northwestern State,Northwestern State University,Demons,Southland Conference,"Natchitoches,Louisiana",LA
20151,Notre Dame,University of Notre Dame,Fighting Irish,Atlantic Coast Conference,"South Bend,Indiana",IN
21632,Oakland,Oakland University,Golden Grizzlies,Horizon League,"Auburn Hills,Michigan",MI
20499,Ohio,Ohio University,Bobcats,Mid-American Conference,"Athens,Ohio",OH
20152,Ohio State,Ohio State University,Buckeyes,Big Ten Conference,"Columbus,Ohio",OH
20214,Oklahoma,University of Oklahoma,Sooners,Big 12 Conference,"Norman,Oklahoma",OK
20093,Oklahoma State,Oklahoma State University,Cowboys,Big 12 Conference,"Stillwater,Oklahoma",OK
20153,Old Dominion,Old Dominion University,Monarchs,Conference USA,"Norfolk,Virginia",VA
20085,Ole Miss,University of Mississippi,Rebels,Southeastern Conference,"Oxford,Mississippi",MS
20024,Oral Roberts,Oral Roberts University,Golden Eagles,Summit League,"Tulsa,Oklahoma",OK
20465,Oregon,University of Oregon,Ducks,Pacific-12 Conference,"Eugene,Oregon",OR
20272,Oregon State,Oregon State University,Beavers,Pacific-12 Conference,"Corvallis,Oregon",OR
20241,Pacific,Pacific,Tigers,West Coast Conference,"Stockton,California",CA
20185,Penn,University of Pennsylvania,Quakers,Ivy League,"Philadelphia,Pennsylvania",PA
20348,Penn State,Penn State University,Nittany Lions,Big Ten Conference,"University Park,Pennsylvania",PA
20074,Pepperdine,Pepperdine University,Waves,West Coast Conference,"Malibu,California",CA
20358,Pittsburgh,University of Pittsburgh,Panthers,Atlantic Coast Conference,"Pittsburgh,Pennsylvania",PA
20186,Portland,University of Portland,Pilots,West Coast Conference,"Portland,Oregon",OR
20771,Prairie View A&M,Prairie View A&M University,Panthers,Southwest Athletic Conference,"Prairie View,Texas",TX
21656,Presbyterian,Presbyterian College,Blue Hose,Big South Conference,"Clinton,South Carolina",SC
20326,Princeton,Princeton University,Tigers,Ivy League,"Princeton,New Jersey",NJ
20417,Purdue,Purdue University,Boilermakers,Big Ten Conference,"West Lafayette,Indiana",IN
22025,Purdue Fort Wayne,Indiana University-Purdue University-Fort Wayne,Mastadons,Horizon League,"Fort Wayne,Indiana",IN
20288,Quinnipiac,Quinnipiac University,Bobcats,Metro Atlantic Athletic Conference,"Hamden,Connecticut",CT
20606,Radford,Radford University,Highlanders,Big South Conference,"Radford,Virginia",VA
20466,Rhode Island,University of Rhode Island,Rams,Atlantic 10 Conference,"Kingston,Rhode Island",RI
20032,Rice,Rice University,Owls,Conference USA,"Houston,Texas",TX
20092,Richmond,University of Richmond,Spiders,Atlantic 10 Conference,"Richmond,Virginia",VA
20739,Rider,Rider University,Broncs,Metro Atlantic Athletic Conference,"Lawrenceville,New Jersey",NJ
20097,Rutgers,Rutgers University,Scarlett Knights,Big Ten Conference,"New Brunswick,New Jersey",NJ
20419,Sacramento State,Sacramento State,Hornets,Western Athletic Conference,"Sacramento,California",CA
20610,Sacred Heart,Sacred Heart University,Pioneers,Northeast Conference,"Fairfield,Connecticut",CT
20218,Saint Joseph's,Saint Joseph's University,Hawks,Atlantic 10 Conference,"Philadelphia,Pennsylvania",PA
20500,Saint Louis,Saint Louis University,Billikens,Atlantic 10 Conference,"St. Louis,Missouri",MO
20258,Sam Houston State,Sam Houston State University,Bearkats,Southland Conference,"Huntsville,Texas",TX
20053,Samford,Samford University,Bulldogs,Southern Conference,"Birmingham,Alabama",AL
20187,San Diego,University of San Diego,Toreros,West Coast Conference,"San Diego,California",CA
20001,San Diego State,San Diego State University,Aztecs,Mountain West Conference,"San Diego,California",CA
20325,San Francisco,University of San Francisco,Dons,West Coast Conference,"San Francisco,California",CA
20161,San Jose State,San Jose State University,Spartans,Mountain West Conference,"San Jose,California",CA
20296,Santa Clara,Santa Clara University,Broncos,West Coast Conference,"Santa Clara,California",CA
21265,Seattle,Seattle University,Redhawks,Western Athletic Conference,"Seattle,Washington",WA
20165,Seton Hall,Seton Hall University,Pirates,Big East Conference,"South Orange,New Jersey",NJ
20615,Siena,Siena College,Saints,Metro Atlantic Athletic Conference,"Loudonville,New York",NY
20190,SIU-Edwardsville,Southern Illinois University-Edwardsville,Cougars,Ohio Valley Conference,"Edwardsville,Illinois",IL
20009,South Alabama,University of South Alabama,Jaguars,Sun Belt Conference,"Mobile,Alabama",AL
20091,South Carolina,University of South Carolina,Gamecocks,Southeastern Conference,"Columbia,South Carolina",SC
20425,South Dakota State,South Dakota State University,Jackrabbits,Summit League,"Brookings,South Dakota",SD
20353,South Florida,University of South Florida,Bulls,American Athletic Conference,"Tampa,Florida",FL
20245,Southeast Missouri State,Southeast Missouri State University,Redhawks,Ohio Valley Conference,"Cape Girardeau,Missouri",MO
20294,Southeastern Louisiana,Southeastern Louisiana University,Lions,Southland Conference,"Hammond,Louisiana",LA
20428,Southern,Southern University,Jaguars,Southwest Athletic Conference,"Baton Rouge,Louisiana",LA
20005,Southern Illinois,Southern Illinois University,Salukis,Missouri Valley Conference,"Carbondale,Illinois",IL
20049,Southern Miss,University of Southern Mississippi,Golden Eagles,Conference USA,"Hattiesburg,Mississippi",MS
20734,St. Bonaventure,St. Bonaventure University,Bonnies,Atlantic 10 Conference,"Allegany,New York",NY
20036,St. John's,St. John's University,Red Storm,Big East Conference,"New York,New York",NY
20217,St. Mary's CA,St. Mary's College of California,Gaels,West Coast Conference,"Moraga,California",CA
21092,St. Peter's,Saint Peter's University,Peacocks,Metro Atlantic Athletic Conference,"Englewood Cliffs,New Jersey",NJ
20039,Stanford,Stanford University,Cardinal,Pacific-12 Conference,"Stanford,California",CA
20429,Stephen F. Austin,Stephen F. Austin University,Jacks,Southland Conference,"Nacogdoches,Texas",TX
20307,Stetson,Stetson University,Hatters,Atlantic Sun Conference,"DeLand,Florida",FL
20631,Stony Brook,Stony Brook University,Seawolves,America East Conference,"Stony Brook,New York",NY
20015,Tennessee,University of Tennessee,Volunteers,Southeastern Conference,"Knoxville,Tennessee",TN
20249,Tennessee Tech,Tennessee Technological University,Golden Eagles,Ohio Valley Conference,"Cookeville,Tennessee",TN
22297,Tennessee-Martin,University of Tennessee-Martin,Skyhawks,Ohio Valley Conference,"Martin,Tennessee",TN
20193,Texas,University of Texas,Longhorns,Big 12 Conference,"Austin,Texas",TX
20023,Texas A&M,Texas A&M University,Aggies,Southeastern Conference,"College Station,Texas",TX
22240,Texas A&M Corpus Christi,Texas A&M University-Corpus Christi,Islanders,Southland Conference,"Corpus Christi,Texas",TX
20433,Texas Christian,Texas Christian University,Horned Frogs,Big 12 Conference,"Fort Worth,Texas",TX
20434,Texas Southern,Texas Southern University,Tigers,Southwest Athletic Conference,"Houston,Texas",TX
20016,Texas State,Texas State University,Bobcats,Sun Belt Conference,"San Marcos,Texas",TX
20169,Texas Tech,Texas Tech University,Red Raiders,Big 12 Conference,"Lubbock,Texas",TX
20262,Toledo,University of Toledo,Rockets,Mid-American Conference,"Toledo,Ohio",OH
20435,Towson,Towson University,Tigers,Colonial Athletic Association,"Towson,Maryland",MD
20336,Troy,Troy University,Trojans,Sun Belt Conference,"Troy,Alabama",AL
20173,Tulane,Tulane University,Green Wave,American Athletic Conference,"New Orleans,Louisiana",LA
20442,UC Davis,University of California-Davis,Aggies,Big West Conference,"Davis,California",CA
20029,UC Irvine,"University of California, Irvine",Anteaters,Big West Conference,"Irvine,California",CA
20232,UC Riverside,University of California-Riverside,Highlanders,Big West Conference,"Riverside,California",CA
20304,UC Santa Barbara,University of California-Santa Barbara,Gauchos,Big West Conference,"Santa Barbara,California",CA
20054,UCLA,"University of California, Los Angeles (UCLA)",Bruins,Pacific-12 Conference,"Los Angeles,California",CA
20648,UL Lafayette,University of Louisiana at Lafayette,Ragin' Cajuns,Sun Belt Conference,"Lafayette,Louisiana",LA
20297,UMBC,University of Maryland-Baltimore County,Retrievers,America East Conference,"Catonsville,Maryland",MD
20861,UNC Asheville,University of North Carolina-Asheville,Bulldogs,Big South Conference,"Asheville,North Carolina",NC
20502,UNC Charlotte,University of North Carolina-Charlotte,49ers,Conference USA,"Charlotte,North Carolina",NC
20215,UNC Greensboro,University of North Carolina-Greensboro,Spartans,Southern Conference,"Greensboro,North Carolina",NC
20652,UNC Wilmington,University of North Carolina at Wilmington,Seahawks,Colonial Athletic Association,"Wilmington,North Carolina",NC
20196,UNLV,UNLV,Runnin' Rebels,Mountain West Conference,"Las Vegas,Nevada",NV
20064,USC,University of Southern California (USC),Trojans,Pacific-12 Conference,"Los Angeles,California",CA
21767,USC Upstate,University of South Carolina-Upstate,Spartans,Big South Conference,"Spartanburg,South Carolina",SC
20659,UT Arlington,University of Texas-Arlington,Mavericks,Sun Belt Conference,"Arlington,Texas",TX
20809,UT Rio Grande Valley,UT Rio Grande Valley,Vaqueros,Western Athletic Conference,"Edinburg,Texas",TX
21083,UT San Antonio,University of Texas-San Antonio,Roadrunners,Conference USA,"San Antonio,Texas",TX
20472,Utah,University of Utah,Utes,Pacific-12 Conference,"Salt Lake City,Utah",UT
20966,Utah Valley,Utah Valley University,Wolverines,Western Athletic Conference,"Orem,Utah",UT
20503,Valparaiso,Valparaiso University,Crusaders,Missouri Valley Conference,"Valparaiso,Indiana",IN
20231,Vanderbilt,Vanderbilt University,Commodores,Southeastern Conference,"Nashville,Tennessee",TN
20198,Villanova,Villanova University,Wildcats,Big East Conference,"Villanova,Pennsylvania",PA
20194,Virginia,University of Virginia,Cavaliers,Atlantic Coast Conference,"Charlottesville,Virginia",VA
20072,Virginia Commonwealth,Virginia Commonwealth University,Rams,Atlantic 10 Conference,"Richmond,Virginia",VA
20293,Virginia Tech,Virginia Tech,Hokies,Atlantic Coast Conference,"Blacksburg,Virginia",VA
20665,VMI,Virginia Military Institute,Keydets,Southern Conference,"Lexington,Virginia",VA
21096,Wagner,Wagner College,Seahawks,Northeast Conference,"Staten Island,New York",NY
20094,Wake Forest,Wake Forest University,Demon Deacons,Atlantic Coast Conference,"Winston-Salem,North Carolina",NC
20318,Washington,University of Washington,Huskies,Pacific-12 Conference,"Seattle,Washington",WA
20057,Washington State,Washington State University,Cougars,Pacific-12 Conference,"Pullman,Washington",WA
20195,West Virginia,West Virginia University,Mountaineers,Big 12 Conference,"Morgantown,West Virginia",WV
20485,Western Carolina,Western Carolina University,Catamounts,Southern Conference,"Cullowhee,North Carolina",NC
20474,Western Illinois,Western Illinois University,Leathernecks,Summit League,"Macomb,Illinois",IL
20670,Western Kentucky,Western Kentucky University,Hilltoppers,Conference USA,"Bowling Green,Kentucky",KY
20277,Western Michigan,Western Michigan University,Broncos,Mid-American Conference,"Kalamazoo,Michigan",MI
20031,Wichita State,Wichita State University,Shockers,American Athletic Conference,"Wichita,Kansas",KS
20486,William and Mary,College of William and Mary,Tribe,Colonial Athletic Association,"Williamsburg,Virginia",VA
20701,Winthrop,Winthrop University,Eagles,Big South Conference,"Rock Hill,South Carolina",SC
20911,Wisconsin-Milwaukee,University of Wisconsin-Milwaukee,Panthers,Horizon League,"Milwaukee,Wisconsin",WI
21091,Wofford,Wofford College,Terriers,Southern Conference,"Spartanburg,South Carolina",SC
20030,Wright State,Wright State University,Raiders,Horizon League,"Dayton,Ohio",OH
20506,Xavier,Xavier University,Musketeers,Big East Conference,"Cincinnati,Ohio",OH
20314,Yale,Yale University,Bulldogs,Ivy League,"New Haven,Connecticut",CT
20488,Youngstown State,Youngstown State University,Penguins,Horizon League,"Youngstown,Ohio",OH
